{
  "sprite": {
    "Slide 1 Sofia": [
      0,
      12.87501133786848,
      false,
      "Slide 1 Sofia"
    ],
    "Slide 10": [
      13,
      29.437505668934236,
      false,
      "Slide 10"
    ],
    "Slide 11a Jack": [
      43,
      5.79167800453515,
      false,
      "Slide 11a Jack"
    ],
    "Slide 11a Sofia": [
      49,
      7.427097505668932,
      false,
      "Slide 11a Sofia"
    ],
    "Slide 11b Jack": [
      57,
      5.109909297052155,
      false,
      "Slide 11b Jack"
    ],
    "Slide 11b Sofia": [
      63,
      17.031269841269847,
      false,
      "Slide 11b Sofia"
    ],
    "Slide 1a Jack": [
      81,
      14,
      false,
      "Slide 1a Jack"
    ],
    "Slide 1b Jack": [
      95,
      6,
      false,
      "Slide 1b Jack"
    ],
    "Slide 2": [
      101,
      13.375011337868486,
      false,
      "Slide 2"
    ],
    "Slide 3": [
      115,
      30.5,
      false,
      "Slide 3"
    ],
    "Slide 4": [
      146,
      36,
      false,
      "Slide 4"
    ],
    "Slide 5": [
      182,
      18.75,
      false,
      "Slide 5"
    ],
    "Slide 6 Sofia": [
      201,
      16.82916099773243,
      false,
      "Slide 6 Sofia"
    ],
    "Slide 6a Jack": [
      218,
      13,
      false,
      "Slide 6a Jack"
    ],
    "Slide 6b Jack": [
      231,
      22,
      false,
      "Slide 6b Jack"
    ],
    "Slide 7": [
      253,
      17.8749886621315,
      false,
      "Slide 7"
    ],
    "Slide 8": [
      271,
      21.531247165532875,
      false,
      "Slide 8"
    ],
    "Slide 9": [
      293,
      28.75,
      false,
      "Slide 9"
    ]
  }
}