{
  "sprite": {
    "Slide 2": [
      0,
      56.359251700680275,
      false,
      "Slide 2"
    ],
    "Slide 3": [
      57,
      40.595668934240365,
      false,
      "Slide 3"
    ],
    "Slide 4": [
      98,
      45.095147392290244,
      false,
      "Slide 4"
    ],
    "Slide 5": [
      144,
      42.3920634920635,
      false,
      "Slide 5"
    ]
  }
}