{
  "resources": [
    "output/HM4mixedfeelingsvo/mixedfeelings-vo.ogg",
    "output/HM4mixedfeelingsvo/mixedfeelings-vo.m4a"
  ],
  "spritemap": {
    "Congratulations 1": {
      "start": 0,
      "end": 6.453333333333333,
      "loop": false
    },
    "Congratulations 2": {
      "start": 7,
      "end": 10.201337868480726,
      "loop": false
    },
    "Congratulations 3": {
      "start": 11,
      "end": 16.78333333333333,
      "loop": false
    },
    "Correct": {
      "start": 17,
      "end": 17.624013605442176,
      "loop": false
    },
    "Instructions": {
      "start": 18,
      "end": 50.85988662131519,
      "loop": false
    },
    "Menu": {
      "start": 51,
      "end": 51.79734693877551,
      "loop": false
    },
    "Nice job!": {
      "start": 52,
      "end": 52.95734693877551,
      "loop": false
    },
    "Puzzle 1 Question 1": {
      "start": 53,
      "end": 58.34585034013605,
      "loop": false
    },
    "Puzzle 1 Question 2": {
      "start": 59,
      "end": 61.63333333333333,
      "loop": false
    },
    "Puzzle 1 Question 3": {
      "start": 62,
      "end": 65.33333333333333,
      "loop": false
    },
    "Puzzle 1 Question 4": {
      "start": 66,
      "end": 68.5,
      "loop": false
    },
    "Puzzle 2 Question 1": {
      "start": 69,
      "end": 70.9791836734694,
      "loop": false
    },
    "Puzzle 2 Question 2": {
      "start": 71,
      "end": 75.54167800453514,
      "loop": false
    },
    "Puzzle 2 Question 3": {
      "start": 76,
      "end": 81.48959183673469,
      "loop": false
    },
    "Puzzle 2 Question 4": {
      "start": 82,
      "end": 85.74167800453515,
      "loop": false
    },
    "Puzzle 3 Question 1": {
      "start": 86,
      "end": 90.97083900226757,
      "loop": false
    },
    "Puzzle 3 Question 2": {
      "start": 91,
      "end": 93.2291836734694,
      "loop": false
    },
    "Puzzle 3 Question 3": {
      "start": 94,
      "end": 101.1290022675737,
      "loop": false
    },
    "Puzzle 3 Question 4": {
      "start": 102,
      "end": 104.96666666666667,
      "loop": false
    },
    "Puzzle 4 Question 1": {
      "start": 105,
      "end": 111.79043083900227,
      "loop": false
    },
    "Puzzle 4 Question 2": {
      "start": 112,
      "end": 114.13333333333334,
      "loop": false
    },
    "Puzzle 4 Question 3": {
      "start": 115,
      "end": 119.57501133786847,
      "loop": false
    },
    "Puzzle 4 Question 4": {
      "start": 120,
      "end": 122.73233560090704,
      "loop": false
    },
    "Splash": {
      "start": 123,
      "end": 128.4080045351474,
      "loop": false
    },
    "That's correct": {
      "start": 129,
      "end": 129.94931972789115,
      "loop": false
    },
    "You got it!": {
      "start": 130,
      "end": 130.73068027210886,
      "loop": false
    }
  }
}