{
  "src": "output.ogg",
  "data": {
    "audioSprite": {
      "Slide4": [
        0,
        62.72501133786848,
        false,
        "Slide4"
      ],
      "Slide5": [
        64,
        19.21666666666667,
        false,
        "Slide5"
      ],
      "Slide6": [
        85,
        15.245850340136059,
        false,
        "Slide6"
      ],
      "Slide7": [
        102,
        38.27292517006802,
        false,
        "Slide7"
      ],
      "Slide8": [
        142,
        15.84167800453514,
        false,
        "Slide8"
      ],
      "Slide9": [
        159,
        23.57501133786849,
        false,
        "Slide9"
      ],
      "Slide10": [
        184,
        23.14167800453515,
        false,
        "Slide10"
      ],
      "Slide11": [
        209,
        21.481269841269835,
        false,
        "Slide11"
      ]
    }
  }
}