{
  "sprite": {
    "Lunge": [
      0,
      19.546417233560092,
      false,
      "Lunge"
    ],
    "silence": [
      20,
      1,
      false,
      "silence"
    ],
    "Slide 10": [
      21,
      36.394671201814056,
      false,
      "Slide 10"
    ],
    "Slide 11": [
      58,
      25.952131519274374,
      false,
      "Slide 11"
    ],
    "Slide 2": [
      84,
      12.61197278911564,
      false,
      "Slide 2"
    ],
    "Slide 3": [
      97,
      28.482494331065766,
      false,
      "Slide 3"
    ],
    "Slide 4": [
      126,
      40.52582766439909,
      false,
      "Slide 4"
    ],
    "Slide 5": [
      167,
      22.210952380952392,
      false,
      "Slide 5"
    ],
    "Slide 6": [
      190,
      18.432018140589577,
      false,
      "Slide 6"
    ],
    "Slide 7": [
      209,
      14.3055328798186,
      false,
      "Slide 7"
    ],
    "Slide 7a": [
      224,
      20.893015873015884,
      false,
      "Slide 7a"
    ],
    "Slide 8": [
      245,
      16.918299319727907,
      false,
      "Slide 8"
    ],
    "Slide 9": [
      262,
      13.598412698412687,
      false,
      "Slide 9"
    ],
    "Squat": [
      276,
      17.166054421768706,
      false,
      "Squat"
    ]
  }
}