{
  "sprite": {
    "Slide 2": [
      0,
      26.94655328798186,
      false,
      "Slide 2"
    ],
    "Slide 3": [
      27,
      31.552018140589567,
      false,
      "Slide 3"
    ],
    "Slide 4": [
      59,
      23.414761904761903,
      false,
      "Slide 4"
    ]
  }
}