{
  "sprite": {
    "Slide 02": [
      0,
      42.53083900226758,
      false,
      "Slide 02"
    ],
    "Slide 03": [
      43,
      16.51927437641723,
      false,
      "Slide 03"
    ],
    "Slide 04": [
      60,
      14.02462585034013,
      false,
      "Slide 04"
    ],
    "Slide 05": [
      75,
      48.03167800453514,
      false,
      "Slide 05"
    ],
    "Slide 06": [
      124,
      28.850022675736966,
      false,
      "Slide 06"
    ],
    "Slide 07": [
      153,
      22.812562358276637,
      false,
      "Slide 07"
    ],
    "Slide 09": [
      176,
      51.87641723356009,
      false,
      "Slide 09"
    ]
  }
}