{
  "sprite": {
    "magicmallet_c": [
      0,
      0.9723356009070295,
      false,
      "magicmallet_c"
    ],
    "Slide 02": [
      1,
      19.804263038548754,
      false,
      "Slide 02"
    ],
    "Slide 03": [
      21,
      31.92748299319728,
      false,
      "Slide 03"
    ],
    "Slide 04": [
      53,
      24.491723356009075,
      false,
      "Slide 04"
    ],
    "Slide 05": [
      78,
      11.77312925170068,
      false,
      "Slide 05"
    ],
    "Slide 05a": [
      90,
      4.289160997732424,
      false,
      "Slide 05a"
    ],
    "Slide 06": [
      95,
      33.298503401360534,
      false,
      "Slide 06"
    ],
    "Slide 07": [
      129,
      41.16612244897959,
      false,
      "Slide 07"
    ],
    "Slide 08": [
      171,
      43.174421768707475,
      false,
      "Slide 08"
    ],
    "Slide 09": [
      215,
      35.73655328798185,
      false,
      "Slide 09"
    ],
    "Slide 10": [
      251,
      21.81886621315192,
      false,
      "Slide 10"
    ],
    "Slide 11": [
      273,
      45.81374149659865,
      false,
      "Slide 11"
    ],
    "Slide 12": [
      319,
      45.53283446712021,
      false,
      "Slide 12"
    ],
    "Slide 13": [
      365,
      33.4746031746032,
      false,
      "Slide 13"
    ],
    "Slide 14": [
      399,
      23.28646258503403,
      false,
      "Slide 14"
    ]
  }
}