{
  "src": "output.ogg",
  "data": {
    "audioSprite": {
      "Slide2": [
        0,
        47.14700680272109,
        false,
        "Slide2"
      ],
      "Slide3": [
        49,
        21.020521541950117,
        false,
        "Slide3"
      ],
      "Slide4": [
        72,
        82.4,
        false,
        "Slide4"
      ],
      "Slide5": [
        156,
        34.320839002267576,
        false,
        "Slide5"
      ],
      "Slide7": [
        192,
        15.062517006802722,
        false,
        "Slide7"
      ],
      "Slide8": [
        209,
        24.349999999999994,
        false,
        "Slide8"
      ],
      "Slide9": [
        235,
        26.345850340136053,
        false,
        "Slide9"
      ],
      "Slide10": [
        263,
        34.7041723356009,
        false,
        "Slide10"
      ],
      "Slide11": [
        299,
        13.941678004535163,
        false,
        "Slide11"
      ]
    }
  }
}