{
  "src": "output.ogg",
  "data": {
    "audioSprite": {
      "Slide2": [
        0,
        25.509319727891157,
        false,
        "Slide2"
      ],
      "Slide3c": [
        27,
        1.698049886621316,
        false,
        "Slide3c"
      ],
      "Slide3i": [
        30,
        8.377052154195013,
        false,
        "Slide3i"
      ],
      "Slide3q": [
        40,
        15.652290249433108,
        false,
        "Slide3q"
      ],
      "Slide4": [
        57,
        42.706938775510196,
        false,
        "Slide4"
      ],
      "Slide5": [
        101,
        38.765918367346956,
        false,
        "Slide5"
      ],
      "Slide6": [
        141,
        21.225011337868466,
        false,
        "Slide6"
      ],
      "Slide7gj": [
        164,
        3.727324263038554,
        false,
        "Slide7gj"
      ],
      "Slide7setup": [
        169,
        16.577981859410443,
        false,
        "Slide7setup"
      ],
      "Slide8": [
        187,
        14.158775510204094,
        false,
        "Slide8"
      ],
      "Slide9c": [
        203,
        14.531950113378684,
        false,
        "Slide9c"
      ],
      "Slide9i": [
        219,
        17.718412698412692,
        false,
        "Slide9i"
      ],
      "Slide9q": [
        238,
        17.617755102040803,
        false,
        "Slide9q"
      ],
      "Slide10": [
        257,
        19.432244897959208,
        false,
        "Slide10"
      ],
      "Slide11": [
        278,
        23.326167800453504,
        false,
        "Slide11"
      ],
      "Slide12": [
        303,
        18.192154195011312,
        false,
        "Slide12"
      ],
      "Slide13": [
        323,
        26.866893424036277,
        false,
        "Slide13"
      ],
      "Slide14": [
        351,
        41.40718820861679,
        false,
        "Slide14"
      ],
      "ring": [
        394,
        0.5199546485260953,
        false,
        "ring"
      ]
    }
  }
}