{
  "resources": [
    "output/HMKshowingcare/showingcare-vo.ogg",
    "output/HMKshowingcare/showingcare-vo.m4a"
  ],
  "spritemap": {
    "silence": {
      "start": 0,
      "end": 1,
      "loop": false
    },
    "Slide 2": {
      "start": 1,
      "end": 8.932607709750567,
      "loop": false
    },
    "Slide 3a": {
      "start": 9,
      "end": 21.649410430839,
      "loop": false
    },
    "Slide 4": {
      "start": 22,
      "end": 60.2878231292517,
      "loop": false
    },
    "Slide 5a": {
      "start": 61,
      "end": 76.43759637188208,
      "loop": false
    },
    "Slide 5b": {
      "start": 77,
      "end": 79.05442176870748,
      "loop": false
    },
    "Slide 5c (Others remediation)": {
      "start": 80,
      "end": 81.07752834467121,
      "loop": false
    },
    "Slide 5d (Yourself remediation)": {
      "start": 82,
      "end": 87.74401360544218,
      "loop": false
    },
    "Slide 5e": {
      "start": 88,
      "end": 90.18439909297052,
      "loop": false
    },
    "Slide 5f (Others remediation)": {
      "start": 91,
      "end": 96.11092970521543,
      "loop": false
    },
    "Slide 5g (Yourself remediation)": {
      "start": 97,
      "end": 98.01882086167801,
      "loop": false
    },
    "Slide 5h": {
      "start": 99,
      "end": 101.10895691609977,
      "loop": false
    },
    "Slide 5i (Others remediation)": {
      "start": 102,
      "end": 104.07122448979592,
      "loop": false
    },
    "Slide 5j (Yourself remediation)": {
      "start": 105,
      "end": 109.75034013605442,
      "loop": false
    },
    "Slide 5k": {
      "start": 110,
      "end": 111.61839002267574,
      "loop": false
    },
    "Slide 5l (Others remediation)": {
      "start": 112,
      "end": 117.46308390022676,
      "loop": false
    },
    "Slide 5m (Yourself remediation)": {
      "start": 118,
      "end": 119.45487528344671,
      "loop": false
    },
    "Slide 5n": {
      "start": 120,
      "end": 121.6812925170068,
      "loop": false
    },
    "Slide 5o (Others remediation)": {
      "start": 122,
      "end": 123.74417233560091,
      "loop": false
    },
    "Slide 5p (Yourself remediation)": {
      "start": 124,
      "end": 129.1696371882086,
      "loop": false
    },
    "Slide 5q": {
      "start": 130,
      "end": 132.3353514739229,
      "loop": false
    },
    "Slide 5r (Others remediation)": {
      "start": 133,
      "end": 139.05848072562358,
      "loop": false
    },
    "Slide 5s (Yourself remediation)": {
      "start": 140,
      "end": 141.3919954648526,
      "loop": false
    },
    "Slide 5t": {
      "start": 142,
      "end": 143.66873015873017,
      "loop": false
    },
    "Slide 5u (Others remediation)": {
      "start": 144,
      "end": 144.87208616780046,
      "loop": false
    },
    "Slide 5v (Yourself remediation)": {
      "start": 145,
      "end": 149.33526077097505,
      "loop": false
    },
    "Slide 5w": {
      "start": 150,
      "end": 151.34167800453514,
      "loop": false
    },
    "Slide 5x (Others remediation)": {
      "start": 152,
      "end": 156.60360544217687,
      "loop": false
    },
    "Slide 5y (Yourself remediation)": {
      "start": 157,
      "end": 158.34102040816327,
      "loop": false
    },
    "Slide 6": {
      "start": 159,
      "end": 176.44167800453516,
      "loop": false
    },
    "Slide 7a": {
      "start": 177,
      "end": 184.81521541950113,
      "loop": false
    },
    "Slide 8a": {
      "start": 185,
      "end": 192.75650793650794,
      "loop": false
    },
    "Slide 8j": {
      "start": 193,
      "end": 203.25539682539682,
      "loop": false
    }
  }
}